Company,Stock Price,Total Earnings,Number of Shares Outstanding,Total Debt,Total Equity,Net Income,Total Assets,Dividend,EPS,PE,Market Cap,Dividend %
A,79.41885789400713,6203227.868942208,58798965.02024825,1568484.4506070532,1473421.7529603208,574137.3519943206,3041906.203567374,0.3347748304086118,0.10549892956119276,752.7930209750767,4669746647.2577915,0.4215306531547006
A,11.867675442346137,8685403.754504377,57092003.09661681,864641.2339978894,2546231.1985534276,528571.3170601657,3410872.432551317,1.3945556452952037,0.1521299531180587,78.01011700264158,677549363.104069,11.750874483128872
A,67.0283411433648,1612875.4618415502,33605146.74619092,1724210.551403657,2342513.810251263,1329610.000586236,4066724.36165492,1.104275931908626,0.047994894175677615,1396.5723290902217,2252497240.2765207,1.6474761467641355
A,77.39234942847507,5180777.270013993,61868751.6281172,1320669.2497993978,2412661.770401334,653577.6965132374,3733331.020200732,0.3167390560974336,0.08373818985640416,924.2180844987089,4788168044.706782,0.4092640402268178
A,54.865631107233135,8037542.067572336,33041846.086943947,1660200.4564418606,2706310.826380804,1995433.770141186,4366511.282822665,1.1130870481471506,0.24325342011529633,225.54926907596257,1812861738.5082412,2.0287510153153208
A,30.231698097776288,7467425.293440253,25438173.23230023,848904.2480639371,2044099.1336720155,2714800.6338065583,2893003.3817359526,0.3609738961551741,0.2935519475100695,102.98585430689153,769039173.3178345,1.1940245466453827
A,27.82565782836616,6274197.820478583,59764115.18963415,715668.4078136899,1885539.3066429023,1530334.438409852,2601207.7144565927,1.261530391340867,0.10498269405596115,265.04995017115544,1662975819.6818206,4.533694761583792
A,78.44776409790629,1333849.719109671,54182962.23031381,1274900.7576120018,2107496.8825110076,595680.4972554892,3382397.6401230097,0.3752984686756561,0.024617511930040258,3186.6650180101283,4250532239.169424,0.47840556450693356
A,25.21997529062819,4155907.5215481967,40456054.48329757,1340395.4311069767,2303989.69681222,702106.0094770142,3644385.1279191966,1.445820936756402,0.1027264663998309,245.50611127289497,1020300694.4250727,5.732840417546614
A,17.950583275660925,6068716.160434705,48659596.90248502,1574831.580532596,2577107.7489504805,704786.3557546214,4151939.329483077,0.866636618743041,0.12471776477303245,143.92964232744455,873468146.3581498,4.827902277237463
A,71.68238365310175,3697568.8518210654,22791193.922718886,886666.2596422747,2784538.9033853756,2523418.3345538373,3671205.16302765,0.4120090396304842,0.1622367333786418,441.8381839937774,1633727106.6805763,0.5747702833437462
A,95.8054011575443,5611007.379461943,63742536.92221349,1539921.2619403088,1618210.3173581075,2501735.0072124945,3158131.579298416,0.3978173667198018,0.08802610706111662,1088.374851008991,6106879320.632242,0.41523480087059295
A,10.3553439695123,7061202.327562485,67956775.09046891,1710577.0554569887,1271219.5445341384,542274.5283867692,2981796.599991127,0.979183147369016,0.10390726043374053,99.65948410424778,703715781.1205909,9.455824454039185
A,56.0973037047199,2432743.6004028413,29020093.73834729,658432.9375237455,2501853.3036883743,2653235.813076545,3160286.24121212,0.9865865808099328,0.08382962585638387,669.182322259499,1627949011.9795082,1.7587058836250693
A,83.13588654869021,1454299.0313859787,61933157.09363699,1948700.5080100873,2053666.4430741516,2778250.560881121,4002366.951084239,0.5245906522002065,0.023481751934383358,3540.44650420473,5148867921.738813,0.631003858836544
A,65.12734601464493,4040342.9835821153,28617022.416407134,1965549.8040426655,2569477.161520948,1502191.7115879054,4535026.965563614,1.2429148520348532,0.1411867008660428,461.2852741451719,1863750720.8221977,1.908437742504299
A,74.95797856886196,1972573.955015073,11515836.725909024,1370925.097910541,1859852.2057131445,1217226.7458442694,3230777.3036236856,0.6866794038124521,0.17129228226873494,437.60277798892776,863203842.5032022,0.916085808239369
A,36.26884613535698,2610125.2771398136,12951709.466423718,690869.7753692535,2677693.175227052,2607612.2131595965,3368562.9505963055,1.2394015993275862,0.20152747279471925,179.96973629645672,469743557.8275683,3.4172622826270325
A,92.59967102616493,8972443.865509352,21077610.28085593,1083331.5058066004,2074708.0508472591,2042611.3824435412,3158039.5566538596,0.4713012387854435,0.42568601212153134,217.53045293799354,1951779778.024971,0.5089664288896586
A,74.31182050579216,4288284.740927042,14142000.497035244,628601.9563360934,1500847.866300349,851496.8169634854,2129449.8226364423,1.4767956599648813,0.30323041933325107,245.06716928067584,1050917802.5285065,1.9872957625224292
A,58.82899312101351,2968924.1426158305,25448525.404272582,1721192.5336970624,1117788.0228815477,1071889.03428979,2838980.55657861,1.3212274517238705,0.11666389684478042,504.2604842806221,1497111125.9478893,2.2458780639098386
A,22.795304284137423,7772465.531967426,64814903.89424048,891097.9373850119,1183898.5698152953,2603744.92793799,2074996.5072003072,0.7279344251109237,0.11991787482474528,190.09096281477437,1477475456.4163353,3.1933525257544892
A,43.60066840463223,1961916.2595421225,37470970.71846463,800553.5152672548,1348399.886282893,2610896.1837704955,2148953.4015501477,0.5695383137863368,0.05235829822191786,832.7365457875105,1633759369.0954602,1.3062605107352616
A,70.67202535597107,7701429.166980046,17812707.36877569,1579851.578340954,1878508.7011965504,1050364.9834515967,3458360.2795375045,0.1415884755767576,0.4323559023082622,163.45798676198748,1258860106.8246086,0.200345858016074
A,49.76498569806965,5228067.64096445,58593499.92401072,681129.7284140766,2621868.4501502113,2527844.099380405,3302998.1785642877,1.4873114481094072,0.08922606855273495,557.740428389011,2915904685.7182384,2.9886705024555025
A,49.06125939999644,6384301.041511983,34208190.42883997,959250.5935885952,2820804.2472126693,1839883.834722789,3780054.8408012646,1.053329334762825,0.18663077355093174,262.8787228736828,1678296904.233793,2.146967582252692
A,65.59902806223855,2328581.730567679,11465958.698989846,1314464.498368383,2152181.4240239756,2026071.122456083,3466645.9223923585,0.3648214609622308,0.2030865269707301,323.01024120469117,752155746.4555031,0.5561385156744979
A,56.18244182989518,2656313.3988383613,61409862.557665154,1993362.2987483584,1582308.8595606985,1809674.707815704,3575671.1583090564,0.1630637692960423,0.04325548516484672,1298.8512697472659,3450156030.927881,0.2902397332422006
A,68.53574637383204,6805649.1382141765,26457689.140923772,805121.9510435223,2303572.743562431,2099072.871238907,3108694.6946059535,0.1183953635074986,0.25722764758345623,266.44004646349674,1813297472.6000419,0.17274979812973001
A,64.09350580640898,1437652.0563706502,52546357.84431943,1229320.688638147,2275841.4015111364,512890.87008479267,3505162.0901492834,1.0265348632814335,0.027359689907148696,2342.625447288504,3367880291.600532,1.601620710812773
A,82.47008771494718,3237512.570224925,31346340.5694198,1442016.5266559287,2007149.479434661,561846.9585390488,3449166.00609059,0.2505172825751389,0.10328199437044683,798.4943379302639,2585135456.3026586,0.3037674501342069
A,56.94824371542707,5881676.646052038,57658543.70959205,736181.4917958322,2931105.4312435924,2225065.963289281,3667286.9230394247,0.5339406950265632,0.10200876171406953,558.2681600924923,3283552799.4504523,0.9375893973037848
A,91.77839927278012,3040960.0894300826,60677131.66863103,1004228.8327587654,2613382.2992209806,928982.5489055336,3617611.131979746,0.531126427611334,0.05011707056354154,1831.2802053427636,5568850017.01067,0.578705263787333
A,38.731248008969075,4432703.814141689,42288851.02839751,1609119.86267037,2857038.7128072344,2234826.684221641,4466158.575477604,0.2644611166307737,0.1048196795690919,369.50359100687166,1637899977.1952107,0.682810728354356
A,18.141341434381665,9300095.082131917,43545190.9841955,1371128.4896573285,2227870.2533288756,1213164.057804532,3598998.742986204,1.4257039891130006,0.21357341354886553,84.94194634497862,789968177.4696487,7.8588675168804825
A,37.0630050972583,9328211.85580999,17350598.88624519,1774007.8210754422,2964007.8326862026,637764.801954221,4738015.653761645,1.468346768929847,0.5376305404192703,68.9376854751495,643065334.9613897,3.961758538134477
A,20.25859256771948,6100749.321175,32658515.114444815,1412463.8920551671,2429975.9116906524,1955557.2564650232,3842439.8037458193,1.3662709559761923,0.18680424691068231,108.44824409910672,661615551.570246,6.744155357333366
A,84.5813193676909,5801237.964901024,35724839.74774256,858400.4312534765,1017318.5428345822,1239546.8164139888,1875718.9740880588,1.2146522092510494,0.16238667565381035,520.8636670905715,3021654080.0633917,1.436076214383377
A,14.220668745032478,1133740.221699053,40672518.77712792,1461702.9638819569,1576291.1619876225,1307040.3389382616,3037994.125869579,0.1916011920149592,0.02787484659879507,510.161327511922,578390416.5556496,1.3473430501071813
A,66.36584334802532,9801093.370618043,63505754.19614165,1841737.1238560544,2682797.3150036423,2917473.4696374913,4524534.438859697,1.103854076395694,0.15433394177709833,430.01456830459426,4214612934.679339,1.6632864448162528
A,59.28275403273192,6157260.136298672,28012636.695640784,1323504.9889486183,1886354.1740546948,987336.6619577168,3209859.163003314,0.7382746079916319,0.21980294833355837,269.70863895223255,1660666251.0359528,1.2453446538330635
A,83.73582961030618,8125812.966489616,33786512.73270703,1476601.1367769926,1346099.4469532073,1368491.262864035,2822700.5837302,0.312077198130702,0.24050463659196836,348.1672153887387,2829141673.3123965,0.3726925493938041
A,27.905278571093103,6054016.242487321,57596393.98165685,1307082.7645790456,1229054.224452527,760035.1627767727,2536136.989031573,1.005408273171304,0.10511102907614994,265.48382996875165,1607243418.7485647,3.602932221622041
A,87.11652722119598,8896017.174084412,34736564.641204044,1873527.607221176,2595761.1920424616,1504454.6311862222,4469288.7992636375,0.1409284006314365,0.25609950972330975,340.1667083053646,3026128879.136286,0.1617699937390844
A,41.64873754888791,6257762.45677608,21092052.999454744,1178626.5177903986,2297810.3028912274,732119.1127182279,3476436.820681626,1.154929221514073,0.29668816292742345,140.37883122110307,878457379.7415246,2.7730233603321106
A,77.91829223768715,7379648.437320597,60414838.96530344,1349656.2028084125,2003491.9962939925,1762109.516154248,3353148.1991024045,1.3456261245262162,0.12214960039136688,637.8923221036928,4707421077.9913225,1.7269707611422342
A,36.63655361917108,2336801.062208127,44156283.98207731,1079700.375790337,1571280.4164643304,2356476.852361852,2650980.7922546677,0.1145320549880178,0.05292114397933976,692.2857456270007,1617734065.7327204,0.3126168912571672
A,89.55428316050677,4856056.650711068,13603012.333049178,781407.4880005642,2273391.656970783,513226.27292345726,3054799.1449713474,0.5583989799292984,0.356983918842229,250.8636340005158,1218208018.309752,0.6235312932252369
A,39.2960474049024,7245010.597081705,69335018.45177206,1527950.4519599844,1736683.810660447,725402.922112552,3264634.2626204314,1.2598875280614843,0.10449280549512188,376.0646220445951,2724592171.9006176,3.206143139740579
A,24.851430794723363,1941577.7007056784,23726939.99211792,1909938.0027939093,2079077.086704504,640459.9522798508,3989015.0894984137,0.2576366315445867,0.08183009277010309,303.6954982385517,589648407.1846726,1.0367074381861747
A,45.32763195519286,4956447.139971314,46882102.77881018,1457820.8547006757,2524133.603959752,2710814.1584160835,3981954.458660427,0.1345740330791962,0.1057215194326039,428.74555907313305,2125054700.0434322,0.2968918235398331
A,18.41143371027853,2495819.329340803,32081600.850127567,1779833.89922967,2679774.9623087607,2963964.641632126,4459608.861538431,1.240094940421172,0.07779597224590738,236.66307109166698,590668267.371739,6.735461018056761
A,83.89950920532357,5562807.663376426,58166556.180894785,905071.81068398,1209914.824043376,1800436.714068747,2114986.634727356,0.448467380765231,0.09563584349185812,877.2810082703593,4880145515.7409525,0.5345292064435282
A,23.60368176783075,8371322.777225913,47653711.162337735,1864440.43562189,2021262.6166918315,996043.5738319892,3885703.0523137217,0.4488752338807854,0.1756699021553234,134.363835114799,1124803033.331944,1.9017170215053207
A,44.57030038229796,1810960.6125199469,59272988.57189562,613677.96796756,2290977.3254883513,2833370.790207548,2904655.2934559113,0.3215315200843274,0.030552881778912303,1458.7920283532967,2641814905.205902,0.7214030808103561
A,94.9834641014921,8200618.756247306,27295188.32753298,916137.8173288086,1306133.6285053182,2136495.5083553423,2222271.445834127,0.4864783279801118,0.30044191884088395,316.1458443213977,2592591540.6516953,0.5121716001643171
A,98.8862927411685,6086137.185620241,26487707.89556612,784877.1781807817,1003519.2982087196,2479479.367900218,1788396.4763895012,0.7001944838031351,0.22977213466775745,430.3667756934698,2619271237.003512,0.7080804269160644
A,51.067409238530566,6304129.405125466,46063113.4679506,1870560.1251224717,2934091.5064601004,1778039.196528447,4804651.631582572,0.4617905275662592,0.13685851716279882,373.1401618050836,2352323866.268702,0.9042763955564763
A,84.35105594584658,2782905.91494642,66310851.83256025,1874322.891323668,2615733.066530185,2470529.7309480505,4490055.957853853,0.6137258589477307,0.04196757903176181,2009.9099803209567,5593390372.745033,0.727585270944021
A,32.62367207863534,4925064.298049509,52437778.560486235,1413481.0699888668,1548135.1787269432,1336991.829187168,2961616.24871581,0.5890138306164173,0.09392206217066416,347.3483367449431,1710712892.2893975,1.8054798650399384
A,63.76344834077958,3663133.859987536,25804189.897405453,722490.2735334676,1558179.2141442518,783132.8360434743,2280669.487677719,0.5662500926122563,0.14195887856009984,449.1684422104295,1645364129.498879,0.8880481017682258
A,91.25485842984646,1338019.0834750992,17340155.2669003,763631.2154041574,1241359.2828439565,2762034.941757062,2004990.4982481136,0.5247140768852517,0.0771630393661568,1182.6239502674416,1582373414.0325434,0.574998510669581
A,58.110215392163354,1276163.5633565164,37523453.75139182,1679499.7574309965,1961376.5299817144,510559.7837710175,3640876.2874127105,0.5411782006154742,0.034009757518900584,1708.6336284482234,2180495979.751259,0.931296153289524
A,63.11812266868806,5077945.001811101,68488749.96380015,1625913.3763151309,2864603.957525125,683759.7015169009,4490517.333840256,0.478315248348697,0.07414276073800527,851.3052662245145,4322881321.640243,0.7578096878125019
A,13.53535905028486,7703776.69255061,50834462.46666668,721979.699705517,2829854.851536537,830728.4098884058,3551834.551242054,1.3604124662533643,0.15154633921037627,89.31498524352413,688062701.614563,10.050804424170288
A,42.14635827710826,6015658.656127573,21595223.937187664,1100448.4773678386,1487750.191951622,2855374.79818675,2588198.6693194606,1.4537638846112964,0.2785643100356286,151.29848569516213,910160045.1310958,3.4493226557154437
A,17.165178114036777,4466022.396089379,12804353.6296837,1682496.2704531662,1789716.5928317476,1257324.215606556,3472212.863284914,1.355377966278332,0.34878936690220896,49.213593483339835,219789010.688634,7.896090313038904
A,37.49139265085364,2512655.1777935675,67158636.20623744,784060.2422564585,2940479.0604531784,1033282.627950758,3724539.3027096367,0.6225855317153277,0.03741373142357232,1002.0757412940744,2517870799.9038835,1.6606092430688941
A,39.76473807839188,8544351.886333235,61518940.92810559,1352965.4073955636,1551239.2672075229,1139156.3812888144,2904204.6746030864,1.0075909027808332,0.13888977536720978,286.30428678610895,2446284572.866181,2.533880396230642
A,79.64472665895363,6391466.177153434,59674190.544914275,1656612.9927177287,2875698.8817328275,739800.1669859497,4532311.874450556,0.5360185416457578,0.10710603895569967,743.6063123564455,4752734594.544013,0.6730119671840179
A,13.596328782097954,8044433.36420474,67834031.37029697,981536.6463875892,2538024.314047013,1504494.7074977416,3519560.960434602,1.2339609426903844,0.11858993489995083,114.6499388297041,922293793.1257042,9.075692140624895
A,48.65429605884745,8636582.637052432,45936186.94436049,1393123.7942702596,2769437.376212121,2327569.100889249,4162561.17048238,1.2266820553923423,0.1880126151418132,258.78208237329574,2234992839.405478,2.5212204363385884
A,38.34341846584195,6428466.782758313,65854950.15086509,1267358.9590033267,2742009.9504880006,2120524.838103977,4009368.909491328,1.212184764138471,0.09761554398008859,392.8003359143617,2525103911.681782,3.1613893925976897
A,67.28420287607901,8029545.555612539,18806128.856723607,1379268.9695585752,1292941.91845363,1127113.9520862976,2672210.8880122053,0.2560092419639044,0.4269642953521399,157.5874226686477,1265355389.309475,0.3804893734646907
A,41.17124350720297,6541631.884302123,16837618.525281534,1217031.8803793215,2578377.5758503526,1068597.2848795704,3795409.456229674,1.2362374010866193,0.388512892988989,105.97136993435588,693225692.3857578,3.0026720005926895
A,13.8787620584495,1190486.7205493948,32321734.130430065,1571232.3099666764,2818444.4913430195,1739540.3958511716,4389676.8013096955,1.191373274035182,0.036832390110794914,376.80861917190333,448585657.31270504,8.58414654720494
A,89.19236570661243,7754181.494387419,55993607.5942544,1605532.0524475062,2676341.09706141,2661912.416957447,4281873.149508916,1.3391122171366947,0.13848333457233947,644.065699183616,4994202325.779289,1.50137537728458
A,78.69165284293129,2584379.1995532447,29268521.88789757,1658935.301053838,2424062.3727743244,2085159.3828071165,4082997.6738281623,0.5513894725526021,0.08829893116747643,891.1959839431914,2303188363.6281714,0.7006962652737472
A,89.02869784523725,5126627.856135458,48282104.8806776,652250.8126158747,1614758.837074929,2386231.187270662,2267009.6496908036,0.2500316044359779,0.10618070336422146,838.4640054591714,4298492926.753901,0.2808438295600139
A,47.57582294553403,5618104.369590206,10553266.100192731,1550369.555650174,1707569.1095419787,1592807.9781693297,3257938.6651921524,0.3257496601753118,0.5323569325602057,89.36827912944207,502080319.47987574,0.6846957971662162
A,64.5019807954381,5356188.012581432,42607902.308494955,1268109.1212711085,1472706.7904475566,1500530.225606955,2740815.9117186647,1.0419009060480164,0.12570879396504675,513.106352872758,2748294096.4364443,1.6153006360414046
A,56.21199646674596,8599472.15085413,30265278.81311101,740239.942739305,1179623.2781264512,2307290.784863136,1919863.2208657565,1.099809850696385,0.2841365580656343,197.83443865664492,1701271745.7076774,1.9565393862981069
A,63.80529831666763,2573325.053399075,63881458.53097092,1459874.7272005663,1388956.3486440764,1430921.448530787,2848831.0758446427,0.4321278841727691,0.04028281621264923,1583.933406737141,4075975518.472432,0.6772601893154786
A,33.59940950187553,1131713.875929249,66442422.30899339,1773080.312552675,2231615.7507342333,1881495.075998251,4004696.063286908,1.2280043158719092,0.017033001455999966,1972.6065067668949,2232426155.456419,3.6548389810343593
A,37.07841780466365,8638876.646301089,33047310.949214164,1627451.6527223669,2864167.3511302182,701159.0433929786,4491619.003852585,1.3856148163574855,0.2614093673030457,141.840432832231,1225342002.6955986,3.7369847431386503
A,12.285980384509546,7684071.195694907,33767067.54043582,1050191.81579667,2382167.899566219,1985688.917758835,3432359.715362889,1.4784705847063244,0.22756110480998348,53.98980812106929,414861529.4442035,12.033802256191253
A,37.27563045859313,5110277.81788155,63836796.68916088,694997.4355216605,2125694.093408513,1202303.667333018,2820691.5289301733,1.4958660030286062,0.08005222822763043,465.6413854290099,2379556843.045502,4.012986459585863
A,31.786828786317464,4752085.6634444,13529342.086110825,652262.3318899815,1527511.5908250846,2356118.9657860016,2179773.922715066,0.8222935449281217,0.35124292321079487,90.49813301787414,430054880.48272395,2.5869002235355896
A,60.18203697963798,2050565.5985226696,34322757.305774145,1382775.425544675,2054293.7617699332,1247067.9916317076,3437069.187314608,1.0801180320640582,0.05974361500897544,1007.3383903969767,2065613449.419239,1.7947515342983587
A,60.89563178993508,4048112.1969040576,17810532.437854744,825193.778975967,2608765.829418169,2393841.710427904,3433959.6083941357,0.2071822853068735,0.22728754522240704,267.9233115494606,1084583625.3182974,0.34022520042417376
A,52.76190226735455,1851931.3666928776,15218164.535477052,975043.4599829286,1590151.787811997,1065900.3450471,2565195.247794926,1.36159809545231,0.12169216349156946,433.5686107759089,802939309.9093612,2.580646331803646
A,36.35181786605582,7442477.854761828,57037857.217539266,929996.7390103956,1366677.101119002,511019.1123076733,2296673.840129398,1.2390157059564049,0.13048312503004145,278.59401633495867,2073429797.0420847,3.408400951286012
A,15.7825954625342,1693768.6397443474,28274401.320797205,627086.4462649582,1039464.9190132412,849450.7024679896,1666551.3652781993,0.6026863985508104,0.05990466855609416,263.46186103601474,446243437.99148494,3.8186773524133493
A,98.09372311818784,2853552.3253207523,45043352.35331614,812360.9941529708,2486642.463945099,1239409.255600398,3299003.4580980698,1.465985231930164,0.0633512422196673,1548.4104128227304,4418470134.061169,1.4944740451576881
A,40.57370592740773,6163986.08306082,62707970.705599785,647463.5183855864,1076586.808371673,988984.5406268917,1724050.3267572597,0.6403805357946737,0.09829669201064387,412.7677656030814,2544294762.7135043,1.578314135120927
A,54.55437677942089,3644483.996833912,62847523.63681243,1974568.8013230297,1867359.3379476971,1872205.0946072289,3841928.1392707266,0.122693148787462,0.05798930150207517,940.7662338796862,3428607484.1362257,0.22490065147943283
A,97.93726533304137,6901540.684431383,46057252.43474058,1104679.434215682,2664169.5226254975,1024980.4252251148,3768848.956841179,0.1261442375086273,0.14984699085579,653.5817954949418,4510721352.212053,0.1288010616588757
A,49.669644241059984,8232115.129688976,48713664.74104199,1755650.3399868235,1026917.1169995154,2446230.4256967553,2782567.4569863393,0.861795360707017,0.1689898547656033,293.92086471672553,2419590397.365823,1.735054425847093
A,38.64455249310561,4160921.526967678,13397692.170286372,1177132.3719244371,2018670.783028277,1711699.7576056896,3195803.1549527147,0.7204048441265851,0.31057002012599155,124.43104610492779,517747818.3611017,1.8641821360335566
A,56.781728728784216,1840963.3924939036,27849045.81855531,954450.8048339158,1959097.4002825057,2098350.981808209,2913548.2051164214,0.1359802064259095,0.0661050796673006,858.9616564197523,1581316965.02469,0.23947880677499941
B,53.67197402866749,6225802.581353605,23472070.889838845,1696659.8397036518,3142154.282340818,1893279.2860426127,4838814.12204447,0.1535951236570976,0.2652430035071503,202.3501970607893,1259792379.1984727,0.28617379262976006
B,59.13365333064484,4848974.754760278,33131263.09337714,2617925.720097917,1928826.2354816508,837252.3375518974,4546751.955579568,0.6177692867056105,0.14635647126081278,404.03852881412007,1959172626.1701515,1.0447000175202499
B,57.56741593147847,6772780.099037721,28430334.876702905,1919274.3756508497,2712343.2266052095,2438958.258168297,4631617.602256059,1.8864705195760256,0.2382237187289567,241.65274658052346,1636660912.9183748,3.2769762009492656
B,119.7981547881127,5195036.674638543,54784112.9474306,2252248.609638352,2137651.8385162232,760780.763680274,4389900.448154575,0.0770768392859927,0.09482743071195776,1263.3280675082776,6563035642.80574,0.06433892026327008
B,31.45091442139956,5447797.470154874,22560651.017922327,1407293.6617030748,3643855.183440918,1179546.6930921832,5051148.845143992,1.355668899197871,0.24147341607416864,130.2458669476867,709553104.4557359,4.31042761120948
B,60.88068521335104,7797379.881341205,12920054.813533977,1187350.809550746,1644852.4179484088,1721274.077190566,2832203.227499155,1.9545806508440615,0.6035098143061527,100.87770533333375,786581790.0420029,3.210510269380846
B,43.37442870253157,7656124.882575305,34234497.44115159,2951051.9345322773,3240958.635665056,1764705.0941832669,6192010.570197333,0.8116431351988743,0.22363771794039125,193.94952292480758,1484901768.428229,1.871248012890836
B,116.74116084296465,5535591.73686756,17243873.718337625,1734687.6566705394,3402370.454681074,994152.0226930908,5137058.111351613,0.662337268681471,0.3210178772639036,363.6593757268965,2013069835.3082235,0.5673553902487055
B,76.92994935916167,3377350.542224638,20034056.793181255,2152567.9358863197,1829439.1512138755,754345.3399204432,3982007.087100195,0.5325145130913603,0.16858046161545,456.3396530177209,1541218974.5580027,0.6922070240878725
B,88.93957453478754,4972129.215154056,44283024.47907964,1491864.1359092344,1888942.0153181553,1838793.8166849208,3380806.1512273895,0.819511599139359,0.11228070516057477,792.1180616704656,3938513356.282925,0.9214251399626585
B,83.24335058233073,4613929.897186253,54029920.84856534,2984917.3894894104,3544039.807433088,1107101.9133444172,6528957.196922498,0.3548731127649998,0.08539582928722293,974.7941003341921,4497631643.132705,0.42630805978192476
B,94.31774375222668,3985823.1210570903,54613710.67966603,2132542.256554549,3739362.2503735553,2000543.1258435429,5871904.506928105,0.6750326318919304,0.07298209682978209,1292.340832193493,5151041969.242986,0.7157005723814233
B,107.9579984579056,5622500.402139772,49954565.00893001,2033572.8910545777,3954880.724449324,1583240.24277734,5988453.615503902,1.0382672294225594,0.11255228428342191,959.1808744285698,5392994852.199411,0.961732566603108
B,41.57053715351961,2568118.2887784187,48925946.169975854,2762867.9359450433,3358845.6741686976,986533.8332333658,6121713.610113741,0.9758351611331816,0.052489905455408103,791.9720333433472,2033877863.0300817,2.3474201392429244
B,38.93934968418935,2694545.463133899,50199931.68555535,1023826.79125989,3430111.9489113833,2298869.587934659,4453938.740171273,1.223874924034315,0.05367627749001966,725.4480285341988,1954752694.0262566,3.14302866884099
B,78.27737936915224,7818129.992808961,24877226.454237264,2460486.41940304,2114659.8437958555,1654593.519325409,4575146.263198895,1.6501921603582372,0.31426855430169237,249.07798854735975,1947324092.8106403,2.1081341425292393
B,39.79723684475905,7717368.36531572,40283469.84526585,1637559.3657587622,3605515.2602747176,2311485.268448999,5243074.626033479,0.6519404699791177,0.19157655472478305,207.73542410725236,1603170790.3607543,1.6381551124320648
B,91.75356154138244,4280008.487176577,17442741.6802956,2300005.158346709,1546064.2424288257,1754850.489632771,3846069.400775534,1.923293358072073,0.24537475619509624,373.93235948212066,1600433672.213439,2.0961511746926953
B,84.7198863472408,7925455.729071406,52337595.043490656,2650644.217945425,1858247.57379624,1964861.405630129,4508891.791741665,0.3748173793181016,0.15142949771546893,559.4675253194506,4434035103.772442,0.4424195964827435
B,40.12386662445536,6309383.870553131,57807535.54378112,1868476.0241122963,2406679.73973938,1084818.395047321,4275155.763851676,1.8323689213952343,0.10914466100660278,367.6209743509858,2319461846.0471363,4.56678051132393
B,34.521046603060086,7545390.251535333,21134854.161696646,1313677.3778207505,2478512.7695818227,1939569.9439972143,3792190.1474025734,1.0178369553580806,0.357011701798732,96.69444006774205,729597285.4648083,2.948453350970696
B,47.84145018457338,3990826.8876256472,11610549.785446333,1954719.8085987016,2586717.715160218,1154159.491794601,4541437.52375892,0.7753699246965273,0.34372419578512076,139.18557602642986,555465539.1759399,1.6207074026918769
B,53.46454146856291,7055633.175356848,45931506.91122654,1660015.7494296092,3620703.0968830874,1510991.911335758,5280718.846312696,0.7725434899979322,0.15361205520632104,348.0491254202221,2455706955.9688554,1.4449642113777164
B,76.9402129722847,5629534.4347955035,55686869.56114959,1481082.815147319,3277028.396389853,609981.3145696104,4758111.211537173,0.6473831647310528,0.10109267191997079,761.0859571818796,4284559603.7946877,0.8414106742390385
B,94.72008869080132,7050883.894272462,51859829.76767161,2215914.620190542,2625963.3198286435,1280794.492380667,4841877.940019186,0.873413250080737,0.1359604134039762,696.6740267945612,4912167675.083713,0.922099273926839
B,48.84683171892167,2527021.574358449,8679567.895403754,1427949.2360165007,3340119.440365918,684539.1595014792,4768068.676382419,0.0555764594932514,0.2911460115078571,167.7743461637751,423969392.3797423,0.11377699952589329
B,67.71232523601313,4102969.168869377,30405817.272061534,1967366.50585675,1779110.8535004158,1019514.8937617156,3746477.359357166,0.0806899312783523,0.13494026923063177,501.79479870670264,2058848588.192616,0.11916579588295835
B,76.30226185625014,4575175.892686667,28560986.847965784,1888157.1543251148,2180720.3644252904,1434175.8332528658,4068877.518750405,0.5530173591991838,0.16018969922296392,476.3243968018629,2179267897.3464017,0.7247719081264491
B,42.99309267018515,6815889.701368094,29913446.09016161,1729595.9047078744,3293825.775150858,867018.1391588794,5023421.679858732,1.0616342370148422,0.22785371103096705,188.68726111878888,1286071559.8389058,2.469313489864534
B,89.95389767729493,3452418.5291670086,15292245.801867545,1726168.127884541,3833622.022562041,2417811.715475854,5559790.150446582,0.4289080639681402,0.22576268874421224,398.4444824681024,1375597114.1172361,0.4768087598681118
B,63.013466240109686,2019993.6637514543,47584401.63703945,1428099.0151636724,2952567.6690532835,1112791.2290839546,4380666.684216956,0.99643849264132,0.04245075264704183,1484.3898473140678,2998458086.111406,1.5813103961690358
B,83.27429410119841,4331938.070644312,44007831.51932217,1736239.0714708895,2111055.1388548827,970777.9837171856,3847294.210325772,1.181124175707727,0.09843561750463259,845.9772612010012,3664721104.6960235,1.4183538731320562
B,67.7802280445043,7529558.79169794,39815029.50925053,1308419.591433617,3210879.116837266,2326687.3746948205,4519298.708270883,1.2074023166553474,0.1891134801230912,358.41034705927433,2698671779.735669,1.7813488556907342
B,60.296324368800754,2915743.254846448,56303325.981234655,2418373.5343759237,3785800.8963963734,1943923.0830676288,6204174.430772297,1.5746121235806418,0.05178634128680491,1164.3287181626822,3394883606.406852,2.611456237281682
B,90.36547841423464,6499966.757740658,45201755.89324882,2649138.448236337,2262212.7880167617,2247440.302526723,4911351.236253099,1.245856723818995,0.1437989880988555,628.4152594461398,4084678296.4568796,1.3786865799658554
B,16.29788846997237,7684901.714310011,24799817.665970344,1572037.5478284522,2688612.325732443,990482.0071560655,4260649.873560895,1.3164562060060698,0.3098773473990105,52.59464303141383,404184662.3956352,8.077464810435666
B,23.430909380809386,3504662.0933939405,50434325.44556688,2410736.5158372624,1847513.8324835952,1051000.0297159788,4258250.348320858,1.183927291455322,0.06948961966739255,337.1857479283939,1181722109.1973264,5.052843968680933
B,75.51915926162886,2944635.5568776047,57245578.87246908,2887210.3596459534,3605101.151252196,2276791.3506470276,6492311.510898149,0.7615242862054673,0.05143865456295976,1468.1402517866227,4323137987.894129,1.0083855456695958
B,100.43028022968642,4058332.014298808,16389922.21061681,1271281.6130166454,2920192.3431144534,2493880.75589411,4191473.956131099,0.4388366591699162,0.2476114262256818,405.5963077331929,1646044480.5550077,0.4369565216449526
B,73.96130453308044,3753923.25101356,35506883.17182286,1983240.4164775496,1579716.7941975857,2425407.510946218,3562957.2106751353,1.3039926580764625,0.10572381791011594,699.5708818987289,2626135399.2916994,1.7630741727834587
B,78.37712809693332,3622479.060548888,48525709.576500915,2315097.2819842966,1981161.8324096703,1553093.3725056234,4296259.114393967,0.4852374289822744,0.07465071798358847,1049.9179406976914,3803305755.4719963,0.6191059059757261
B,38.16098664772327,4846925.736556821,26606970.686478894,2044852.8038566776,3849520.612137203,1334122.265985886,5894373.4159938805,1.1798676259922718,0.18216751518503108,209.4829399685362,1015348253.1030855,3.0918163539219288
B,111.55180947448189,5351622.778536376,27172096.369264975,1260809.1216725772,3125285.085140501,1368683.057639968,4386094.206813078,1.7058778950836733,0.19695288526172486,566.3882980249007,3031096517.2065077,1.529224763919139
B,36.57757354298163,2038084.8560066645,44460990.93360295,1806274.1622944484,1575745.463945598,2037987.0919298944,3382019.626240046,1.1401607167221866,0.04583984326958197,797.942814242855,1626275165.6677015,3.1171032036403528
B,87.27554928268049,7060746.182631407,36760493.69268507,1824790.4579149708,3732749.6704300535,1044762.5396662008,5557540.128345024,0.3700632145036304,0.19207430241983986,454.3843095257576,3208292278.931601,0.42401705580221205
B,54.397031279862865,2816203.5675402647,40382770.89159121,1861637.3117890875,1533973.237643886,2077965.337345918,3395610.5494329734,1.1548618136019029,0.06973774967300905,780.0227500159274,2196702851.357423,2.1230236033660517
B,37.2105478117142,6574652.224851884,18674390.65779922,1238172.8798273331,1530526.7066656228,1817148.751266862,2768699.5864929557,1.7283387034293491,0.3520678315737188,105.69141646763248,694884306.426667,4.644754794191053
B,101.20409093226418,2494621.4282245976,41445701.0582487,1515938.2161068255,1510321.1419941485,1466767.8677520757,3026259.358100974,0.4239164409612524,0.06019011295571046,1681.4072272423368,4194474498.6504393,0.4188728311832566
B,27.030315998988883,6582566.920189904,33798158.9489706,1942058.7634115503,1605941.1867682156,792429.8071154812,3547999.950179766,1.2354959178276153,0.19476110903343719,138.78703059935972,913574916.5747293,4.570778668935396
B,96.17032289949208,4180359.162063881,42160767.997051165,2757593.468645796,2465697.276970206,1491343.400296839,5223290.745616002,0.0505859403545187,0.0991528228887165,969.920170678632,4054614671.9669824,0.05260036446730686
B,65.7213543961191,3450475.172662922,23236457.659249622,2557912.300308652,2283446.063927551,2370659.764552692,4841358.364236203,1.219307466778172,0.14849402706997417,442.5858446491556,1527131468.7339604,1.855268318770639
B,114.7195244129737,6551752.8982348945,15345693.199354256,2591926.926139287,2332137.6200024774,2369240.5255763205,4924064.546141764,1.8180109176753376,0.42694408216831753,268.6991791298489,1760450625.617325,1.5847441200425145
B,72.71889021131605,2334914.8972196984,51510801.31061179,1008836.1774682844,2619338.0684681307,1725073.3690510856,3628174.245936415,0.2960246600816251,0.04532864637729253,1604.2590287395988,3745808305.203294,0.40708082758331154
B,70.06475196288463,4692641.6906815525,13884738.037186902,2710584.7649606103,3956636.442449523,2194823.9208485894,6667221.207410134,0.5441507914470943,0.33797120825135124,207.30982477885232,972830726.6451298,0.7766398598475694
B,106.7264050963714,7404953.829996519,13823135.00575513,1393478.5333420923,3586417.8061268753,1185081.1508759635,4979896.339468968,1.8369948279483783,0.5356927952243494,199.2306150984803,1475293506.326054,1.721218686499949
B,82.90621111659756,7443711.415273647,31863455.50168015,2842623.5834022276,3529750.45918533,1625529.1233800184,6372374.042587558,0.4466459859665889,0.2336128112307575,354.88726273108654,2641678368.726607,0.538736458886579
B,49.56923082041901,4813287.759101829,29578148.798124764,1231477.7534870636,3246237.5177298384,1734475.3416472138,4477715.271216902,1.4775435979349532,0.16273120376644357,304.6080264456359,1466166085.0149455,2.9807676525945
B,16.097178571554206,6986269.793905351,57162179.94377451,1199694.500175112,2716608.1714216312,647074.3503780388,3916302.671596743,1.1583692777256738,0.12221839336388397,131.7083143420783,920149818.0942526,7.196101307919029
B,29.395017865241417,6007348.591127271,29431089.071349844,1829906.328396625,2906573.1747202165,948011.6527404212,4736479.503116841,0.4999189534856772,0.20411574225349408,144.01151788055304,865127389.0458401,1.700692803717646
B,95.88338080042176,3570284.3036524826,24942084.317805286,2660256.651597407,1588250.4833368212,803781.4815139171,4248507.134934228,1.5980736463869742,0.14314298108212956,669.8433976682924,2391531368.6003523,1.666684709119002
B,102.47199475406936,4145350.434182516,24716185.48707418,2316665.1994211227,2094580.1629122524,2371568.950761746,4411245.362333375,0.9732148210355154,0.16771805003447676,610.9777375363285,2532716829.5720706,0.9497373632388152
B,84.79136378272402,7565713.993452949,20959211.659957513,2681124.0855856035,1823524.7230331784,673682.3725232837,4504648.808618782,1.684778629747499,0.3609732138879639,234.89655331888676,1777160140.4585686,1.9869696093869966
B,75.43340146485536,7292607.42846349,46424145.68776241,1597458.3627820732,3218473.425131339,2457537.150075702,4815931.787913412,0.9972226255907616,0.15708651867310183,480.2028977536437,3501931219.3279157,1.3219907974789793
B,110.38705106192803,7745767.956522226,9510343.61753858,1582707.8706872188,2037832.6527921571,1055438.8696044495,3620540.523479376,1.5813457290457378,0.8144572129063563,135.53449992543682,1049818786.5257127,1.4325464027103958
B,90.00939090970584,3327171.718961331,41713996.90309863,1439228.03706333,3563834.9539881535,829122.121307644,5003062.991051484,0.8322090460182964,0.07976151809883698,1128.4814162911262,3754651453.6572633,0.9245802439138138
B,65.59950198211637,2905142.8244891944,11381518.58793954,2746221.668806689,2092073.532295512,1436036.2827986227,4838295.201102201,1.7039989667467483,0.25525089662179506,257.00008442796997,746621951.1690341,2.5975791206635837
B,89.27593844054094,2739339.090842671,20490032.09893658,2985063.8266331977,3796237.0594511824,2086028.474214524,6781300.88608438,1.5990335069420671,0.13369130304997626,667.7767095079323,1829266844.30937,1.7911136358505448
B,82.13415680984016,4867807.727708862,12703224.15738268,1249862.1652139546,3959255.356324632,1426539.5692797615,5209117.521538586,0.9672673443674994,0.3831946651811114,214.34055396105435,1043368604.9330187,1.1776675891455857
B,17.618641771236852,3544533.2151195435,47570173.66700155,2033444.2299731283,2731185.255501289,2254999.386509287,4764629.485474417,0.3196979528908577,0.07451167279589549,236.45478768807595,838121848.8344249,1.8145436920840148
B,99.32277758570883,7678650.993463696,19197002.695506524,1712072.018138752,3691518.2282801047,1121790.6649744178,5403590.246418856,0.0801076620344196,0.3999921818660291,248.31179730151675,1906699629.0380476,0.08065386810723463
B,93.36661532146616,4945654.772671093,43386515.81678627,2589424.42331635,1999346.794941834,1500067.739418164,4588771.218258184,1.143727461528879,0.11399059545495047,819.0729678078137,4050852132.4045906,1.2249854593003777
B,55.642282051217435,6325347.3171431245,32693106.324678052,2774863.4135783464,1716431.5213142084,2080866.293852784,4491294.934892555,0.3954648279147408,0.1934764856641506,287.5919616805787,1819119043.2481768,0.7107271904317737
B,76.56370311172309,7977393.596443704,56402427.96965392,2725828.208108863,3322672.165517697,2214585.512544814,6048500.37362656,1.4235879328468104,0.1414370601339319,541.327025881492,4318378749.848929,1.8593509391382053
B,39.81746773052082,4612026.579433031,16214388.983933538,2700737.75874964,1767538.6325036588,1471177.4632544003,4468276.391253299,0.240662385319895,0.28444035627879544,139.98529692282327,645615910.1378859,0.6044140901894244
B,118.80617224981802,2128785.969685476,33024153.529403254,1864371.8364641028,3533273.698896912,1847720.5973283057,5397645.535361014,0.4679362307930454,0.06446148476720526,1843.056713305192,3923473272.6187186,0.3938652529004125
B,76.8221446988892,2090609.483532808,12736841.464173134,2519615.685419881,3431892.1885781502,2065707.6794112348,5951507.873998031,0.2014920612277765,0.1641387693654966,468.0316843842372,978471477.9675204,0.2622838271666867
B,35.90317787403661,4830178.292848378,17175799.74869021,1120414.3436151317,1645165.351453632,1795272.8290342172,2765579.6950687636,1.2782988278680176,0.28121999345135107,127.66936459035081,616665793.5060579,3.5604058012714797
B,118.96761297249192,5828237.837396026,11828654.282017328,1494123.6077823688,1851597.1601713984,989322.6447705488,3345720.767953767,1.0383277763047007,0.4927219697558059,241.4497835999733,1407226764.6084468,0.8727818860623743
B,104.57564634120902,2633285.262454485,25887651.285818946,2191239.02582841,3092485.0074220356,2209820.4478765884,5283724.0332504455,1.7669009034389214,0.10171974403475445,1028.0761845554664,2707217865.470347,1.6895911861485262
B,51.13270854168183,3317945.419002162,43203624.82226667,1536672.4649906587,2447891.453115207,2192646.425799549,3984563.918105866,1.944007716109952,0.07679784815861398,665.8091309547526,2209118355.981132,3.801886838295014
B,83.98930903061735,6409624.829557313,22437224.198982283,2879506.70513656,2210087.539027828,1380114.5413386133,5089594.244164388,0.3967766754493392,0.2856692420022278,294.00893299518174,1884486957.0375688,0.4724133107282723
B,112.97134044102503,6278767.191837588,24144292.789232977,2226807.596960077,2406226.70899391,1859318.7910277685,4633034.305953987,1.2076062458161585,0.26005181624692575,434.4185788487472,2727613120.4002247,1.0689492052602234
B,73.70301678803963,7762324.646965053,10831972.026832145,2872523.7139180703,2210687.956981364,1411764.8618716542,5083211.670899434,1.77556077889092,0.7166123239366579,102.84921752832473,798349016.1411853,2.409074765551597
B,79.79603312818814,6387991.953025918,23734295.696530536,2892346.129911553,3713142.169486507,1700143.7890508445,6605488.29939806,1.9412326890817204,0.26914605070668735,296.4785584580212,1893902645.674564,2.432743349488604
B,64.2438664985144,7040278.520366208,52472560.54126053,2201613.1752514383,3848165.74270453,1586881.8037892813,6049778.917955968,1.7413607823185997,0.13417066839782393,478.8219904221357,3371040174.247956,2.71054791255266
B,119.45712545322274,5565540.631351366,37528015.27204578,2872542.380361627,3308235.8108473076,855144.5869872567,6180778.191208934,0.6199044261514524,0.14830362306682063,805.4902704527952,4482988828.363233,0.5189346586061924
B,113.01473946760606,6091954.1872849455,58443906.38000355,1890774.930848931,2801320.92015878,2388005.305834912,4692095.851007711,1.7938184360607965,0.10423591721735585,1084.2207032336498,6605022853.00526,1.587242906997071
B,17.966818300762093,6264891.091690577,43980383.99099834,1080637.978229258,3340888.117772611,1028408.320978354,4421526.096001869,0.6940483418236051,0.14244739411490448,126.12949792727868,790187567.9640132,3.8629451815303653
B,62.081258688401626,3053652.095175489,14900280.759432388,1108634.416963113,3665330.844637634,2278008.737728154,4773965.261600748,1.3027091682968224,0.2049392319834257,302.9252041572128,925028184.3561355,2.0983936147870046
B,50.69747074172359,4291335.358702192,16339095.366477802,1691134.9494039682,1676581.578888217,1061442.194226566,3367716.528292185,1.416209937118427,0.2626421636234852,193.02868222789144,828350809.28824,2.7934528417270688
B,31.355046249212094,4392655.267368328,28329689.25529737,1398964.177274446,1810120.3367399191,1052707.0588741926,3209084.514014365,0.1707094930925634,0.15505483409236284,202.2190822540532,888278716.8256559,0.5444402528886497
B,46.0426928348048,4322853.667183425,16987876.996097878,2787060.7489138916,1775076.787725731,1912658.1835065451,4562137.536639622,0.3191694034829722,0.2544669747830401,180.93779310286155,782167602.446781,0.6932031639159564
B,90.31127037677676,3123920.4059116025,9404160.177266471,1258229.0876730743,2076929.5357271093,2255096.062251183,3335158.6234001834,0.7212653275521633,0.33218494230493206,271.8704518938572,849301652.4356291,0.7986437623378115
B,66.13600051242935,4540307.983345171,19912748.37615586,2033165.1395506612,3681668.7159768776,941070.4812223432,5714833.855527539,0.4369129375382294,0.22801011179259797,290.0573136536498,1316949536.8093207,0.6606280001103448
B,47.371278049679,6427870.413598752,28901848.124023627,2974047.518272405,3459727.4350731056,1457227.100145081,6433774.95334551,0.1098651259383195,0.22240343890866324,212.99705742919497,1369117483.6327167,0.23192349976942192
B,111.59461331768097,7940720.771158702,34810613.835427046,2983225.8726454796,2169629.236381899,954341.5156252976,5152855.109027378,1.81159033097251,0.2281120582561335,489.2096199157433,3884676990.315596,1.6233671833383045
B,88.05417010442517,2413017.862541116,18927969.120021623,1315549.3399466735,3387944.019047429,2468610.4450526135,4703493.358994102,0.5847064284998422,0.12748424552260465,690.706288792461,1666686612.6256907,0.6640303665418996
B,44.055542299930245,7114675.107878248,16585854.056449926,1829482.7111034263,3905937.231918896,1530310.2548488872,5735419.943022322,1.0464910719316227,0.42896043120019406,102.70304460639099,730698794.9643993,2.3753902853064632
B,98.28115888884182,6708497.401672785,43877295.23289231,2372990.645882174,3327609.490473376,2174540.9198831515,5700600.13635555,0.7342153767807624,0.15289222742799802,642.8133106709146,4312311424.396511,0.7470560838737935
B,119.85710676690898,4876018.874255091,12949842.466836734,1713240.477863419,2965538.93146031,1329401.1285062565,4678779.409323729,1.816396445623418,0.376531134393495,318.3192459236371,1552130651.1623025,1.5154682893821543
